Title,Post URL,url,Created At
"So... are we going to ignore that TRON (TRX), with 7.5 BILLION market cap, is pretty much following LUNA's footsteps?",/r/CryptoCurrency/comments/v1mrz5/so_are_we_going_to_ignore_that_tron_trx_with_75/,https://www.reddit.com/r/CryptoCurrency/comments/v1mrz5/so_are_we_going_to_ignore_that_tron_trx_with_75/,2022/5/31 18:01
South Korean politician calls for Do Kwon to attend hearing on TerraUSD's collapse.,/r/CryptoCurrency/comments/uriu6d/south_korean_politician_calls_for_do_kwon_to/,https://www.reddit.com/r/CryptoCurrency/comments/uriu6d/south_korean_politician_calls_for_do_kwon_to/,2022/5/17 17:49
TerraUSD founder Do Kwon mocked an economist for being 'poor' after she criticized his cryptocurrency ??which is now collapsing,/r/CryptoCurrency/comments/uokmkn/terrausd_founder_do_kwon_mocked_an_economist_for/,https://www.reddit.com/r/CryptoCurrency/comments/uokmkn/terrausd_founder_do_kwon_mocked_an_economist_for/,2022/5/13 13:30
For those thinking that LUNA will come back to $100 or $50 or $1... Wake up buddy!,/r/CryptoCurrency/comments/uuaj5b/for_those_thinking_that_luna_will_come_back_to/,https://www.reddit.com/r/CryptoCurrency/comments/uuaj5b/for_those_thinking_that_luna_will_come_back_to/,2022/5/21 7:26
"TERRA is now going full mental - ""The community is deciding on a new @terra_money , between restoring a snapshot prior to attack...""",/r/CryptoCurrency/comments/uoo43v/terra_is_now_going_full_mental_the_community_is/,https://www.reddit.com/r/CryptoCurrency/comments/uoo43v/terra_is_now_going_full_mental_the_community_is/,2022/5/13 17:47
Luna/UST Discussion Megathread,/r/CryptoCurrency/comments/umfeus/lunaust_discussion_megathread/,https://www.reddit.com/r/CryptoCurrency/comments/umfeus/lunaust_discussion_megathread/,2022/5/10 18:17
Terra founder Do Kwon loses $11 million bet after LUNA collapse,/r/CryptoCurrency/comments/v60ywu/terra_founder_do_kwon_loses_11_million_bet_after/,https://www.reddit.com/r/CryptoCurrency/comments/v60ywu/terra_founder_do_kwon_loses_11_million_bet_after/,2022/6/6 19:06
Luna supply has inflated 425% since May 9th - circulating supply has gone from 343M to 1.46B and a more in depth look at the state of as it falls to sub $.01. (currently $.004 on Kraken and $.015 on CMC),/r/CryptoCurrency/comments/uo4337/luna_supply_has_inflated_425_since_may_9th/,https://www.reddit.com/r/CryptoCurrency/comments/uo4337/luna_supply_has_inflated_425_since_may_9th/,2022/5/12 23:46
"WCGW, if I buy $10 worth of TerraL right now?",/r/CryptoCurrency/comments/upctln/wcgw_if_i_buy_10_worth_of_terral_right_now/,https://www.reddit.com/r/CryptoCurrency/comments/upctln/wcgw_if_i_buy_10_worth_of_terral_right_now/,2022/5/14 16:26
"Founder of Terra, Do Kwon just entered into a $1 M bet with another Twitter user that a year from today, the price of Luna will be > $88. Locked & Loaded. Cobie is the custodian. Giant balls",/r/CryptoCurrency/comments/tduu55/founder_of_terra_do_kwon_just_entered_into_a_1_m/,https://www.reddit.com/r/CryptoCurrency/comments/tduu55/founder_of_terra_do_kwon_just_entered_into_a_1_m/,2022/3/14 18:57
Explain to me how Terra/Luna is not a scam,/r/CryptoCurrency/comments/tbcrkh/explain_to_me_how_terraluna_is_not_a_scam/,https://www.reddit.com/r/CryptoCurrency/comments/tbcrkh/explain_to_me_how_terraluna_is_not_a_scam/,2022/3/11 7:55
"Almost 1 Trillion Terra (Luna) are now minted, bringing the price to lower than $0.000003 on FTX",/r/CryptoCurrency/comments/uofy2x/almost_1_trillion_terra_luna_are_now_minted/,https://www.reddit.com/r/CryptoCurrency/comments/uofy2x/almost_1_trillion_terra_luna_are_now_minted/,2022/5/13 9:00
"UST Falls to $0.35, Terra Futures See $106M in Liquidations",/r/CryptoCurrency/comments/un6x7d/ust_falls_to_035_terra_futures_see_106m_in/,https://www.reddit.com/r/CryptoCurrency/comments/un6x7d/ust_falls_to_035_terra_futures_see_106m_in/,2022/5/11 18:40
TerraLuna sub and compassion??/r/CryptoCurrency/comments/unt5be/terraluna_sub_and_compassion/,2022/5/12 12:53,https://www.reddit.com44693.5369328704,
"Terra's Do Kwon 'Heartbroken' Over UST Collapse, Doge's Billy Markus Tells Him To Leave The Industry - Benzinga",/r/CryptoCurrency/comments/upnlub/terras_do_kwon_heartbroken_over_ust_collapse/,https://www.reddit.com/r/CryptoCurrency/comments/upnlub/terras_do_kwon_heartbroken_over_ust_collapse/,2022/5/15 2:44
TERRA LUNA has dropped almost three times as much as the majors in the last two days. The risk to the UST peg is being exposed.,/r/CryptoCurrency/comments/ukv56a/terra_luna_has_dropped_almost_three_times_as_much/,https://www.reddit.com/r/CryptoCurrency/comments/ukv56a/terra_luna_has_dropped_almost_three_times_as_much/,2022/5/8 13:43
The Terra/TerraUSD Peg is continuing to slide and looks very bleak. UST currently below .69 and Terra is down 52% today to $30 - Details and a two month old warning from a Redditor inside.,/r/CryptoCurrency/comments/um5qs6/the_terraterrausd_peg_is_continuing_to_slide_and/,https://www.reddit.com/r/CryptoCurrency/comments/um5qs6/the_terraterrausd_peg_is_continuing_to_slide_and/,2022/5/10 8:35
Terra LUNA 2.0 crashes over 80% as whistleblower FatMan warns $80m a month cashed out pre-crash,/r/CryptoCurrency/comments/v92yyt/terra_luna_20_crashes_over_80_as_whistleblower/,https://www.reddit.com/r/CryptoCurrency/comments/v92yyt/terra_luna_20_crashes_over_80_as_whistleblower/,2022/6/10 16:23
"If I wrote here one month ago that 1DOGE is more valuable than Terra, then 99% of you will laugh at me.",/r/CryptoCurrency/comments/uxqhvj/if_i_wrote_here_one_month_ago_that_1doge_is_more/,https://www.reddit.com/r/CryptoCurrency/comments/uxqhvj/if_i_wrote_here_one_month_ago_that_1doge_is_more/,2022/5/26 4:37
Terra (UST) Buys $125 Million Worth of BTC out of $11.2 Billion Planned to Acquire in Three-Month Period,/r/CryptoCurrency/comments/tnj2lb/terra_ust_buys_125_million_worth_of_btc_out_of/,https://www.reddit.com/r/CryptoCurrency/comments/tnj2lb/terra_ust_buys_125_million_worth_of_btc_out_of/,2022/3/25 18:39
Is Terra Luna a ponzi scheme or a fantastic Bitcoin backed bank?,/r/CryptoCurrency/comments/u8gyg8/is_terra_luna_a_ponzi_scheme_or_a_fantastic/,https://www.reddit.com/r/CryptoCurrency/comments/u8gyg8/is_terra_luna_a_ponzi_scheme_or_a_fantastic/,2022/4/21 14:17
"Terra?? Legal Team Resigns in Wake of UST, LUNA Collapse",/r/CryptoCurrency/comments/us734v/terras_legal_team_resigns_in_wake_of_ust_luna/,https://www.reddit.com/r/CryptoCurrency/comments/us734v/terras_legal_team_resigns_in_wake_of_ust_luna/,2022/5/18 15:07
The Terra/UST deathspiral and the logic of why it's not going to self correct. 5.7B is supporting a 16.52B stablecoin,/r/CryptoCurrency/comments/umzs9p/the_terraust_deathspiral_and_the_logic_of_why_its/,https://www.reddit.com/r/CryptoCurrency/comments/umzs9p/the_terraust_deathspiral_and_the_logic_of_why_its/,2022/5/11 10:53
"The Anchor Ponzi scheme is popping as we speak. UST is knocked off its peg, and LUNA has entered a death spiral of liquidations.",/r/CryptoCurrency/comments/ukoazq/the_anchor_ponzi_scheme_is_popping_as_we_speak/,https://www.reddit.com/r/CryptoCurrency/comments/ukoazq/the_anchor_ponzi_scheme_is_popping_as_we_speak/,2022/5/8 6:42
Do Kwon Apologizes for Hurting Terra's Users and Investors,/r/CryptoCurrency/comments/uqfkeq/do_kwon_apologizes_for_hurting_terras_users_and/,https://www.reddit.com/r/CryptoCurrency/comments/uqfkeq/do_kwon_apologizes_for_hurting_terras_users_and/,2022/5/16 5:07
USDD and TRX has the exact same mint and burn mechanism that killed UST and Terra. Here's how to short.,/r/CryptoCurrency/comments/v3uxj0/usdd_and_trx_has_the_exact_same_mint_and_burn/,https://www.reddit.com/r/CryptoCurrency/comments/v3uxj0/usdd_and_trx_has_the_exact_same_mint_and_burn/,2022/6/3 16:39
"""I am very disappointed with how this UST/LUNA incident was handled (or not handled) by the Terra team. "" - CZ on delisting LUNA/UST trading pairs",/r/CryptoCurrency/comments/uoqpr9/i_am_very_disappointed_with_how_this_ustluna/,https://www.reddit.com/r/CryptoCurrency/comments/uoqpr9/i_am_very_disappointed_with_how_this_ustluna/,2022/5/13 20:34
Do Kwon May End the Terra Saga Behind Bars,/r/CryptoCurrency/comments/uwwq2w/do_kwon_may_end_the_terra_saga_behind_bars/,https://www.reddit.com/r/CryptoCurrency/comments/uwwq2w/do_kwon_may_end_the_terra_saga_behind_bars/,2022/5/25 1:53
"How is SHIB above AVAX, LINK and LUNA in Market cap?",/r/CryptoCurrency/comments/qucnbh/how_is_shib_above_avax_link_and_luna_in_market_cap/,https://www.reddit.com/r/CryptoCurrency/comments/qucnbh/how_is_shib_above_avax_link_and_luna_in_market_cap/,2021/11/15 17:30
Tron already launched its stablecoin and it looks very similar to terra USD,/r/CryptoCurrency/comments/uz3szz/tron_already_launched_its_stablecoin_and_it_looks/,https://www.reddit.com/r/CryptoCurrency/comments/uz3szz/tron_already_launched_its_stablecoin_and_it_looks/,2022/5/28 1:52
"Anonymous has pledged to make sure Terra co-founder Do Kwon is ??rought to justice""",/r/CryptoCurrency/comments/vlv36r/anonymous_has_pledged_to_make_sure_terra/,https://www.reddit.com/r/CryptoCurrency/comments/vlv36r/anonymous_has_pledged_to_make_sure_terra/,2022/6/27 21:06
"For the newcomers: the top 50 Cryptocurrencies, each explained with one sentence.",/r/CryptoCurrency/comments/lg1yhv/for_the_newcomers_the_top_50_cryptocurrencies/,https://www.reddit.com/r/CryptoCurrency/comments/lg1yhv/for_the_newcomers_the_top_50_cryptocurrencies/,2021/2/9 20:03
Algorand & MakerX announce automated migration service and commit 1M ALGO to enable Terra users to migrate to Algorand,/r/CryptoCurrency/comments/v2homj/algorand_makerx_announce_automated_migration/,https://www.reddit.com/r/CryptoCurrency/comments/v2homj/algorand_makerx_announce_automated_migration/,2022/6/1 22:00
"Crypto Billionaire Do Kwon Says Terra (LUNA) Plans on Being Biggest Bitcoin Holder in World, Other Than Satoshi - The Daily Hodl",/r/CryptoCurrency/comments/tsln81/crypto_billionaire_do_kwon_says_terra_luna_plans/,https://www.reddit.com/r/CryptoCurrency/comments/tsln81/crypto_billionaire_do_kwon_says_terra_luna_plans/,2022/3/31 6:58
Terra LUNA 2.0 Price Falls By Over 60% Hours After Airdrop,/r/CryptoCurrency/comments/uzofct/terra_luna_20_price_falls_by_over_60_hours_after/,https://www.reddit.com/r/CryptoCurrency/comments/uzofct/terra_luna_20_price_falls_by_over_60_hours_after/,2022/5/28 22:26
The crypto streamer only known as ??hancers??was arrested after knocking on Terra blockchain founder Do Kwon?? door to see if he was home. The streamer lost $2.4m in the Luna crash,/r/CryptoCurrency/comments/uwx3ex/the_crypto_streamer_only_known_as_chancers_was/,https://www.reddit.com/r/CryptoCurrency/comments/uwx3ex/the_crypto_streamer_only_known_as_chancers_was/,2022/5/25 2:09
Why I'm shorting Luna,/r/CryptoCurrency/comments/tlxerl/why_im_shorting_luna/,https://www.reddit.com/r/CryptoCurrency/comments/tlxerl/why_im_shorting_luna/,2022/3/24 12:14
"Terra (LUNA) Co-Founder Reveals Massive $3,000,000,000 Bitcoin (BTC) Purchase Is Already Underway",/r/CryptoCurrency/comments/tl985k/terra_luna_cofounder_reveals_massive_3000000000/,https://www.reddit.com/r/CryptoCurrency/comments/tl985k/terra_luna_cofounder_reveals_massive_3000000000/,2022/3/24 3:28
Terra Blockchain Buys the Dip as Bitcoin Drops Below 46K,/r/CryptoCurrency/comments/txmkqi/terra_blockchain_buys_the_dip_as_bitcoin_drops/,https://www.reddit.com/r/CryptoCurrency/comments/txmkqi/terra_blockchain_buys_the_dip_as_bitcoin_drops/,2022/4/6 21:47
"Terra Buys Another 2,943 BTC Worth $140 Million to Build its Stablecoin Reserves",/r/CryptoCurrency/comments/ts60vq/terra_buys_another_2943_btc_worth_140_million_to/,https://www.reddit.com/r/CryptoCurrency/comments/ts60vq/terra_buys_another_2943_btc_worth_140_million_to/,2022/3/30 21:06
"Terra's UST is now the 3rd largest stablecoin, after surpassing BUSD in market cap",/r/CryptoCurrency/comments/u6yj0k/terras_ust_is_now_the_3rd_largest_stablecoin/,https://www.reddit.com/r/CryptoCurrency/comments/u6yj0k/terras_ust_is_now_the_3rd_largest_stablecoin/,2022/4/19 14:30
Terra Luna and Avax making gains during a sea of red,/r/CryptoCurrency/comments/rkw6dp/terra_luna_and_avax_making_gains_during_a_sea_of/,https://www.reddit.com/r/CryptoCurrency/comments/rkw6dp/terra_luna_and_avax_making_gains_during_a_sea_of/,2021/12/21 4:20
Warning: don't buy the 99.99% dip,/r/CryptoCurrency/comments/uof2lx/warning_dont_buy_the_9999_dip/,https://www.reddit.com/r/CryptoCurrency/comments/uof2lx/warning_dont_buy_the_9999_dip/,2022/5/13 8:12
Terra LUNA buys another $1.5B of BTC,/r/CryptoCurrency/comments/uj1gav/terra_luna_buys_another_15b_of_btc/,https://www.reddit.com/r/CryptoCurrency/comments/uj1gav/terra_luna_buys_another_15b_of_btc/,2022/5/6 0:37
Terra Plans $750M Bitcoin 'Loan' To Market Makers To Defend UST Peg,/r/CryptoCurrency/comments/uloeqp/terra_plans_750m_bitcoin_loan_to_market_makers_to/,https://www.reddit.com/r/CryptoCurrency/comments/uloeqp/terra_plans_750m_bitcoin_loan_to_market_makers_to/,2022/5/9 18:45
UST (a stable coin) is currently down 14%. This is a bigger drop than BTC and most other the top altcoins. A warning about echo chambers.,/r/CryptoCurrency/comments/um4k8s/ust_a_stable_coin_is_currently_down_14_this_is_a/,https://www.reddit.com/r/CryptoCurrency/comments/um4k8s/ust_a_stable_coin_is_currently_down_14_this_is_a/,2022/5/10 7:34
Do Kwon Disolved Terraform Labs on April 30th!,/r/CryptoCurrency/comments/upygce/do_kwon_disolved_terraform_labs_on_april_30th/,https://www.reddit.com/r/CryptoCurrency/comments/upygce/do_kwon_disolved_terraform_labs_on_april_30th/,2022/5/15 12:43
"LUNAtic community member FatMan alleges insider deals and manipulation, says he has whistleblowers details on the corruption and shady deals that resulted in $40 bn wipeout. Apparently TFL was already bailed out once in May 2021 by Jump",/r/CryptoCurrency/comments/uvzw4f/lunatic_community_member_fatman_alleges_insider/,https://www.reddit.com/r/CryptoCurrency/comments/uvzw4f/lunatic_community_member_fatman_alleges_insider/,2022/5/23 21:11
Terra's UST Becomes First Decentralized Stablecoin To Surpass $10B Market Cap,/r/CryptoCurrency/comments/rq25qh/terras_ust_becomes_first_decentralized_stablecoin/,https://www.reddit.com/r/CryptoCurrency/comments/rq25qh/terras_ust_becomes_first_decentralized_stablecoin/,2021/12/28 8:48
Tron?? USDD Stablecoin Faces Same Fate as Terra Luna?? UST,/r/CryptoCurrency/comments/vdemwg/trons_usdd_stablecoin_faces_same_fate_as_terra/,https://www.reddit.com/r/CryptoCurrency/comments/vdemwg/trons_usdd_stablecoin_faces_same_fate_as_terra/,2022/6/16 13:37
New research reveals Terra's collapse may have been an inside job,/r/CryptoCurrency/comments/vc7675/new_research_reveals_terras_collapse_may_have/,https://www.reddit.com/r/CryptoCurrency/comments/vc7675/new_research_reveals_terras_collapse_may_have/,2022/6/15 0:18
"Do Kwon Interview Explains He's 'Devastated' by LUNA Collapse, Says 'There's a Difference Between Failing and Fraud' - Why do people still trust him?",/r/CryptoCurrency/comments/vjd4ns/do_kwon_interview_explains_hes_devastated_by_luna/,https://www.reddit.com/r/CryptoCurrency/comments/vjd4ns/do_kwon_interview_explains_hes_devastated_by_luna/,2022/6/24 10:00
"ELI5 : How is Anchor, LUNA and UST 20% yield not a PONZI",/r/CryptoCurrency/comments/t565p0/eli5_how_is_anchor_luna_and_ust_20_yield_not_a/,https://www.reddit.com/r/CryptoCurrency/comments/t565p0/eli5_how_is_anchor_luna_and_ust_20_yield_not_a/,2022/3/3 2:05
Beginners Guide to Terra (LUNA),/r/CryptoCurrency/comments/pdsvu4/beginners_guide_to_terra_luna/,https://www.reddit.com/r/CryptoCurrency/comments/pdsvu4/beginners_guide_to_terra_luna/,2021/8/29 18:29
Terra Luna Overtakes BSC to Become the Second Biggest Chain in terms of TVL.,/r/CryptoCurrency/comments/rkb5xi/terra_luna_overtakes_bsc_to_become_the_second/,https://www.reddit.com/r/CryptoCurrency/comments/rkb5xi/terra_luna_overtakes_bsc_to_become_the_second/,2021/12/20 9:25
Let's talk about Terra Luna,/r/CryptoCurrency/comments/mnnxs4/lets_talk_about_terra_luna/,https://www.reddit.com/r/CryptoCurrency/comments/mnnxs4/lets_talk_about_terra_luna/,2021/4/10 2:49
"Reminder to those trying to ""buy the dip"" on Luna/Terra or making trades",/r/CryptoCurrency/comments/uo9aso/reminder_to_those_trying_to_buy_the_dip_on/,https://www.reddit.com/r/CryptoCurrency/comments/uo9aso/reminder_to_those_trying_to_buy_the_dip_on/,2022/5/13 3:43
Terra Luna breaks All Time High,/r/CryptoCurrency/comments/rlizpk/terra_luna_breaks_all_time_high/,https://www.reddit.com/r/CryptoCurrency/comments/rlizpk/terra_luna_breaks_all_time_high/,2021/12/22 1:00
"The top 50 Cryptocurrencies, each explained with one sentence: the updated version",/r/CryptoCurrency/comments/osmj8v/the_top_50_cryptocurrencies_each_explained_with/,https://www.reddit.com/r/CryptoCurrency/comments/osmj8v/the_top_50_cryptocurrencies_each_explained_with/,2021/7/27 21:10
How did TerraLuna suck in so many people?,/r/CryptoCurrency/comments/unx7ez/how_did_terraluna_suck_in_so_many_people/,https://www.reddit.com/r/CryptoCurrency/comments/unx7ez/how_did_terraluna_suck_in_so_many_people/,2022/5/12 17:31
"If your coin can go to 0 due to ""an attack"", then that coin is worth 0 to begin with.",/r/CryptoCurrency/comments/unls6e/if_your_coin_can_go_to_0_due_to_an_attack_then/,https://www.reddit.com/r/CryptoCurrency/comments/unls6e/if_your_coin_can_go_to_0_due_to_an_attack_then/,2022/5/12 6:28
Wonderland controversy and why Terra's LUNA is down,/r/CryptoCurrency/comments/sf46l0/wonderland_controversy_and_why_terras_luna_is_down/,https://www.reddit.com/r/CryptoCurrency/comments/sf46l0/wonderland_controversy_and_why_terras_luna_is_down/,2022/1/29 7:40
Your daily dose of Crypto - Aug 24,/r/CryptoCurrency/comments/pami42/your_daily_dose_of_crypto_aug_24/,https://www.reddit.com/r/CryptoCurrency/comments/pami42/your_daily_dose_of_crypto_aug_24/,2021/8/24 20:39
Terraform Labs caught moving $4.8M through shell company | CryptoSlate,/r/CryptoCurrency/comments/v2dp20/terraform_labs_caught_moving_48m_through_shell/,https://www.reddit.com/r/CryptoCurrency/comments/v2dp20/terraform_labs_caught_moving_48m_through_shell/,2022/6/1 18:20
South Korea launches investigations into company behind Terra crypto crash,/r/CryptoCurrency/comments/v87xsy/south_korea_launches_investigations_into_company/,https://www.reddit.com/r/CryptoCurrency/comments/v87xsy/south_korea_launches_investigations_into_company/,2022/6/9 11:52
"Do Kwon: ""95% are going to die [coins], but there's also entertainment in watching companies die too"" - 8 days ago. Ironic.",/r/CryptoCurrency/comments/uo431o/do_kwon_95_are_going_to_die_coins_but_theres_also/,https://www.reddit.com/r/CryptoCurrency/comments/uo431o/do_kwon_95_are_going_to_die_coins_but_theres_also/,2022/5/12 23:46
"Exploring How LUNA Defrauded ""Post-Attack"" Investors",/r/CryptoCurrency/comments/v0i0fb/exploring_how_luna_defrauded_postattack_investors/,https://www.reddit.com/r/CryptoCurrency/comments/v0i0fb/exploring_how_luna_defrauded_postattack_investors/,2022/5/30 3:06
A brief rundown of the top 50 coins by category,/r/CryptoCurrency/comments/ocwa3d/a_brief_rundown_of_the_top_50_coins_by_category/,https://www.reddit.com/r/CryptoCurrency/comments/ocwa3d/a_brief_rundown_of_the_top_50_coins_by_category/,2021/7/3 19:27
The founder of collapsed stablecoin TerraUSD wants to build another blockchain from its network's ashes,/r/CryptoCurrency/comments/usm87x/the_founder_of_collapsed_stablecoin_terrausd/,https://www.reddit.com/r/CryptoCurrency/comments/usm87x/the_founder_of_collapsed_stablecoin_terrausd/,2022/5/19 4:39
Vitalik Buterin: Don't Paint All Stablecoins With The Same Brush After Terra (LUNA) Crash,/r/CryptoCurrency/comments/uyzxqg/vitalik_buterin_dont_paint_all_stablecoins_with/,https://www.reddit.com/r/CryptoCurrency/comments/uyzxqg/vitalik_buterin_dont_paint_all_stablecoins_with/,2022/5/27 22:52
Can someone please ELI5 the burning process for TerraL?,/r/CryptoCurrency/comments/upn0rc/can_someone_please_eli5_the_burning_process_for/,https://www.reddit.com/r/CryptoCurrency/comments/upn0rc/can_someone_please_eli5_the_burning_process_for/,2022/5/15 2:15
Luna Foundation's Bitcoin Reserve Wallet Now Holds $1.1 Billion in BTC,/r/CryptoCurrency/comments/tp2q0l/luna_foundations_bitcoin_reserve_wallet_now_holds/,https://www.reddit.com/r/CryptoCurrency/comments/tp2q0l/luna_foundations_bitcoin_reserve_wallet_now_holds/,2022/3/27 4:05
The Terra/TerraUSD Peg is sliding and Terra USD briefly dropped under $.97 as Terra is down 30%,/r/CryptoCurrency/comments/ulxwiw/the_terraterrausd_peg_is_sliding_and_terra_usd/,https://www.reddit.com/r/CryptoCurrency/comments/ulxwiw/the_terraterrausd_peg_is_sliding_and_terra_usd/,2022/5/10 2:33
Let?? talk Luna,/r/CryptoCurrency/comments/tbb0it/lets_talk_luna/,https://www.reddit.com/r/CryptoCurrency/comments/tbb0it/lets_talk_luna/,2022/3/11 6:38
Why is no one on here discussing Luna?,/r/CryptoCurrency/comments/oxzgi9/why_is_no_one_on_here_discussing_luna/,https://www.reddit.com/r/CryptoCurrency/comments/oxzgi9/why_is_no_one_on_here_discussing_luna/,2021/8/5 2:48
Binance CEO orders investigation following FatManTerra's allegations,/r/CryptoCurrency/comments/v5rn4d/binance_ceo_orders_investigation_following/,https://www.reddit.com/r/CryptoCurrency/comments/v5rn4d/binance_ceo_orders_investigation_following/,2022/6/6 9:31
I sent 3k UST to a Luna address,/r/CryptoCurrency/comments/tbsedm/i_sent_3k_ust_to_a_luna_address/,https://www.reddit.com/r/CryptoCurrency/comments/tbsedm/i_sent_3k_ust_to_a_luna_address/,2022/3/11 23:21
"For perspective, here are the top 20 coins and the percentage change from their 90 day low. Congrats to all LUNA and SOL investors, and condolences to my LTC brothers.",/r/CryptoCurrency/comments/pfu5td/for_perspective_here_are_the_top_20_coins_and_the/,https://www.reddit.com/r/CryptoCurrency/comments/pfu5td/for_perspective_here_are_the_top_20_coins_and_the/,2021/9/1 21:42
"Luna is now the third highest valued chain, with a whopping $13.98 billion Total Value Locked.",/r/CryptoCurrency/comments/r95ywq/luna_is_now_the_third_highest_valued_chain_with_a/,https://www.reddit.com/r/CryptoCurrency/comments/r95ywq/luna_is_now_the_third_highest_valued_chain_with_a/,2021/12/5 11:02
Terra's UST drops 200 basis points against the dollar,/r/CryptoCurrency/comments/uly2nm/terras_ust_drops_200_basis_points_against_the/,https://www.reddit.com/r/CryptoCurrency/comments/uly2nm/terras_ust_drops_200_basis_points_against_the/,2022/5/10 2:41
"SOLANA, TERRA: Let's be honest here, concentrated insider ownership may permanently impair blockchains' ability to become credibly neutral public infrastructure. Without a fair launch, ultimately control and manipulation will follow. SOL, LUNA insiders love you little retail guys!",/r/CryptoCurrency/comments/qg8bha/solana_terra_lets_be_honest_here_concentrated/,https://www.reddit.com/r/CryptoCurrency/comments/qg8bha/solana_terra_lets_be_honest_here_concentrated/,2021/10/26 23:01
LUNA 2.0 has a very tiny chance of succeeding in the long term because it lost it's main purpose with it's previous version.,/r/CryptoCurrency/comments/v7nk59/luna_20_has_a_very_tiny_chance_of_succeeding_in/,https://www.reddit.com/r/CryptoCurrency/comments/v7nk59/luna_20_has_a_very_tiny_chance_of_succeeding_in/,2022/6/8 19:40
"Terra?? UST Stablecoin is now the #3 Stablecoin in Crypto, #1 Algorithmic Stablecoin",/r/CryptoCurrency/comments/ub8tf1/terras_ust_stablecoin_is_now_the_3_stablecoin_in/,https://www.reddit.com/r/CryptoCurrency/comments/ub8tf1/terras_ust_stablecoin_is_now_the_3_stablecoin_in/,2022/4/25 8:51
USDD - The Next LUNA Ponzi Scheme,/r/CryptoCurrency/comments/vjxm8q/usdd_the_next_luna_ponzi_scheme/,https://www.reddit.com/r/CryptoCurrency/comments/vjxm8q/usdd_the_next_luna_ponzi_scheme/,2022/6/25 4:27
Strictly talking about price and future gains. It's too late to jump into Solana/Terra/Avalanche?,/r/CryptoCurrency/comments/r9ijam/strictly_talking_about_price_and_future_gains_its/,https://www.reddit.com/r/CryptoCurrency/comments/r9ijam/strictly_talking_about_price_and_future_gains_its/,2021/12/5 23:53
Is Ethereum Still Worth the Investment? A deeper look.,/r/CryptoCurrency/comments/shiy2o/is_ethereum_still_worth_the_investment_a_deeper/,https://www.reddit.com/r/CryptoCurrency/comments/shiy2o/is_ethereum_still_worth_the_investment_a_deeper/,2022/2/1 9:59
Educate me: How is LUNA and UST not a long drawn-out PONZI scheme?,/r/CryptoCurrency/comments/rl0mmi/educate_me_how_is_luna_and_ust_not_a_long/,https://www.reddit.com/r/CryptoCurrency/comments/rl0mmi/educate_me_how_is_luna_and_ust_not_a_long/,2021/12/21 7:48
Binance sued over the collapse of the TerraUSD stablecoin,/r/CryptoCurrency/comments/vc3rww/binance_sued_over_the_collapse_of_the_terrausd/,https://www.reddit.com/r/CryptoCurrency/comments/vc3rww/binance_sued_over_the_collapse_of_the_terrausd/,2022/6/14 21:41
Are You All Starting to Understand Toxic AF Bitcoin Maxis Now?,/r/CryptoCurrency/comments/up09rm/are_you_all_starting_to_understand_toxic_af/,https://www.reddit.com/r/CryptoCurrency/comments/up09rm/are_you_all_starting_to_understand_toxic_af/,2022/5/14 4:11
New to crypto? Here is my long-ass-write-up of Top 10 cryptocurrencies with PROs and CONs for each of them so you can decide what to put your hard earned money in easier,/r/CryptoCurrency/comments/r9t2l7/new_to_crypto_here_is_my_longasswriteup_of_top_10/,https://www.reddit.com/r/CryptoCurrency/comments/r9t2l7/new_to_crypto_here_is_my_longasswriteup_of_top_10/,2021/12/6 7:53
Users of Terra (LUNA) Network Lose $4.31M in Phishing Attack Through Fake Google Ads,/r/CryptoCurrency/comments/u8otvy/users_of_terra_luna_network_lose_431m_in_phishing/,https://www.reddit.com/r/CryptoCurrency/comments/u8otvy/users_of_terra_luna_network_lose_431m_in_phishing/,2022/4/21 22:24
Hacker Group Anonymous Vows To Hold Terra (LUNA) Founder Do Kwon Accountable for UST Collapse - The Daily Hodl,/r/CryptoCurrency/comments/vmstjz/hacker_group_anonymous_vows_to_hold_terra_luna/,https://www.reddit.com/r/CryptoCurrency/comments/vmstjz/hacker_group_anonymous_vows_to_hold_terra_luna/,2022/6/29 1:35
Terra?? New LUNA Token Soars 50% Following Shaky Launch,/r/CryptoCurrency/comments/v1pofd/terras_new_luna_token_soars_50_following_shaky/,https://www.reddit.com/r/CryptoCurrency/comments/v1pofd/terras_new_luna_token_soars_50_following_shaky/,2022/5/31 20:57
"Cryptocurrency TerraUSD Falls Below Fixed Value, Triggering Selloff [WSJ]",/r/CryptoCurrency/comments/um88vn/cryptocurrency_terrausd_falls_below_fixed_value/,https://www.reddit.com/r/CryptoCurrency/comments/um88vn/cryptocurrency_terrausd_falls_below_fixed_value/,2022/5/10 10:40
"If it happend to TerraUSD, why can't it happen to other stablecoins?",/r/CryptoCurrency/comments/upzh3a/if_it_happend_to_terrausd_why_cant_it_happen_to/,https://www.reddit.com/r/CryptoCurrency/comments/upzh3a/if_it_happend_to_terrausd_why_cant_it_happen_to/,2022/5/15 13:52
??e??e already buying?? Terra founder plans to obtain $10B BTC for reserves,/r/CryptoCurrency/comments/tg1r8y/were_already_buying_terra_founder_plans_to_obtain/,https://www.reddit.com/r/CryptoCurrency/comments/tg1r8y/were_already_buying_terra_founder_plans_to_obtain/,2022/3/17 12:20
"I bought $1k of the Top 10 Cryptos on January 1st, 2022 (MAY Update/Month 5/-66%)",/r/CryptoCurrency/comments/vcjm4m/i_bought_1k_of_the_top_10_cryptos_on_january_1st/,https://www.reddit.com/r/CryptoCurrency/comments/vcjm4m/i_bought_1k_of_the_top_10_cryptos_on_january_1st/,2022/6/15 10:08
"Terra Adds Avalanche to its UST Reserve, Buys $100M in AVAX!",/r/CryptoCurrency/comments/tyi7wf/terra_adds_avalanche_to_its_ust_reserve_buys_100m/,https://www.reddit.com/r/CryptoCurrency/comments/tyi7wf/terra_adds_avalanche_to_its_ust_reserve_buys_100m/,2022/4/8 1:33
Why Stablecoin Regulation or Banning Doesn?? Matter...,/r/CryptoCurrency/comments/pwmhox/why_stablecoin_regulation_or_banning_doesnt_matter/,https://www.reddit.com/r/CryptoCurrency/comments/pwmhox/why_stablecoin_regulation_or_banning_doesnt_matter/,2021/9/28 1:52
An important WARNING: keep your money safe for a few days. USDT also deppeged from 1-1 and there is EXTREME pressure on USDT and other stablecoins as people are trying to cash out.,/r/CryptoCurrency/comments/unids5/an_important_warning_keep_your_money_safe_for_a/,https://www.reddit.com/r/CryptoCurrency/comments/unids5/an_important_warning_keep_your_money_safe_for_a/,2022/5/12 3:53
Do yourself a favor and learn more about Terra Luna??ndervalued,/r/CryptoCurrency/comments/psgbyt/do_yourself_a_favor_and_learn_more_about_terra/,https://www.reddit.com/r/CryptoCurrency/comments/psgbyt/do_yourself_a_favor_and_learn_more_about_terra/,2021/9/21 18:53
What's peoples opinions on LUNA good and bad,/r/CryptoCurrency/comments/rox8sp/whats_peoples_opinions_on_luna_good_and_bad/,https://www.reddit.com/r/CryptoCurrency/comments/rox8sp/whats_peoples_opinions_on_luna_good_and_bad/,2021/12/26 21:47
Should I get LUNA?,/r/CryptoCurrency/comments/porbvj/should_i_get_luna/,https://www.reddit.com/r/CryptoCurrency/comments/porbvj/should_i_get_luna/,2021/9/15 22:34
"LUNA coin surges past DOGE, SHIB and AVAX to become 10th-largest coin",/r/CryptoCurrency/comments/raw9kn/luna_coin_surges_past_doge_shib_and_avax_to/,https://www.reddit.com/r/CryptoCurrency/comments/raw9kn/luna_coin_surges_past_doge_shib_and_avax_to/,2021/12/7 18:34
Keep an eye on SOL and LUNA,/r/CryptoCurrency/comments/qu6x9v/keep_an_eye_on_sol_and_luna/,https://www.reddit.com/r/CryptoCurrency/comments/qu6x9v/keep_an_eye_on_sol_and_luna/,2021/11/15 11:27
Whistleblower protection through public awareness for FatManTerra,/r/CryptoCurrency/comments/uvwjwk/whistleblower_protection_through_public_awareness/,https://www.reddit.com/r/CryptoCurrency/comments/uvwjwk/whistleblower_protection_through_public_awareness/,2022/5/23 17:46
Moon boi's have moved into the TerraLuna sub ????,/r/CryptoCurrency/comments/uqx6zv/moon_bois_have_moved_into_the_terraluna_sub/,https://www.reddit.com/r/CryptoCurrency/comments/uqx6zv/moon_bois_have_moved_into_the_terraluna_sub/,2022/5/16 22:25
New Proposal by Do Kwon,/r/CryptoCurrency/comments/uowhud/new_proposal_by_do_kwon/,https://www.reddit.com/r/CryptoCurrency/comments/uowhud/new_proposal_by_do_kwon/,2022/5/14 1:12
??uilt to Fail?? Why TerraUSD?? Growth Is Giving Finance Experts Nightmares,/r/CryptoCurrency/comments/ub01pl/built_to_fail_why_terrausds_growth_is_giving/,https://www.reddit.com/r/CryptoCurrency/comments/ub01pl/built_to_fail_why_terrausds_growth_is_giving/,2022/4/25 1:44
One stablecoin to rule them all : Terra USD (UST),/r/CryptoCurrency/comments/pk1esq/one_stablecoin_to_rule_them_all_terra_usd_ust/,https://www.reddit.com/r/CryptoCurrency/comments/pk1esq/one_stablecoin_to_rule_them_all_terra_usd_ust/,2021/9/8 10:14
Important upcoming events in September for Cardano and Terra that may affect the price:,/r/CryptoCurrency/comments/pdqt1n/important_upcoming_events_in_september_for/,https://www.reddit.com/r/CryptoCurrency/comments/pdqt1n/important_upcoming_events_in_september_for/,2021/8/29 15:21
LUNA TO THE MOON? Terra Votes to Burn $4.5 Billion in Tokens,/r/CryptoCurrency/comments/qrni02/luna_to_the_moon_terra_votes_to_burn_45_billion/,https://www.reddit.com/r/CryptoCurrency/comments/qrni02/luna_to_the_moon_terra_votes_to_burn_45_billion/,2021/11/11 23:17
What do you expect from the Columbus-5 launch for Luna?,/r/CryptoCurrency/comments/ptt1k2/what_do_you_expect_from_the_columbus5_launch_for/,https://www.reddit.com/r/CryptoCurrency/comments/ptt1k2/what_do_you_expect_from_the_columbus5_launch_for/,2021/9/23 19:21
Playing With the Ashes: Terra Ecosystem?? Diehard Fans Refuse To Give Up as LUNA Classic?? (LUNC) Burn Picks Up,/r/CryptoCurrency/comments/vngiq8/playing_with_the_ashes_terra_ecosystems_diehard/,https://www.reddit.com/r/CryptoCurrency/comments/vngiq8/playing_with_the_ashes_terra_ecosystems_diehard/,2022/6/29 22:00
LUNA hits a new ATH!,/r/CryptoCurrency/comments/p5ls5t/luna_hits_a_new_ath/,https://www.reddit.com/r/CryptoCurrency/comments/p5ls5t/luna_hits_a_new_ath/,2021/8/17 2:17
No research + a ton of luck = great success: My Luna Terra story,/r/CryptoCurrency/comments/qmv0i1/no_research_a_ton_of_luck_great_success_my_luna/,https://www.reddit.com/r/CryptoCurrency/comments/qmv0i1/no_research_a_ton_of_luck_great_success_my_luna/,2021/11/5 5:23
Where do the UST (Terra Luna) staking rewards come from?,/r/CryptoCurrency/comments/rlxuvp/where_do_the_ust_terra_luna_staking_rewards_come/,https://www.reddit.com/r/CryptoCurrency/comments/rlxuvp/where_do_the_ust_terra_luna_staking_rewards_come/,2021/12/22 13:21
ATOM or LUNA?,/r/CryptoCurrency/comments/qo4a8d/atom_or_luna/,https://www.reddit.com/r/CryptoCurrency/comments/qo4a8d/atom_or_luna/,2021/11/7 0:52
LUNA joins the big kids' playground: but will its tokenomics hold up?,/r/CryptoCurrency/comments/u6lgro/luna_joins_the_big_kids_playground_but_will_its/,https://www.reddit.com/r/CryptoCurrency/comments/u6lgro/luna_joins_the_big_kids_playground_but_will_its/,2022/4/19 3:35
"Stake Terra LUNA, get airdrops, be happy",/r/CryptoCurrency/comments/q8enpd/stake_terra_luna_get_airdrops_be_happy/,https://www.reddit.com/r/CryptoCurrency/comments/q8enpd/stake_terra_luna_get_airdrops_be_happy/,2021/10/15 10:30
Bought Terra Luna right before crash(17$) and HODLed through 3.9$ AMA,/r/CryptoCurrency/comments/ot36wj/bought_terra_luna_right_before_crash17_and_hodled/,https://www.reddit.com/r/CryptoCurrency/comments/ot36wj/bought_terra_luna_right_before_crash17_and_hodled/,2021/7/28 12:59
"Its hard to believe but, Binance Chain (BNB), Terra (LUNA), Crypto.com Coin (CRO) are all build on the Cosmos SDK.",/r/CryptoCurrency/comments/suaiwr/its_hard_to_believe_but_binance_chain_bnb_terra/,https://www.reddit.com/r/CryptoCurrency/comments/suaiwr/its_hard_to_believe_but_binance_chain_bnb_terra/,2022/2/17 8:06
Terra (LUNA) Price Surges 15% Following $1 Billion Funds Raised,/r/CryptoCurrency/comments/szd2op/terra_luna_price_surges_15_following_1_billion/,https://www.reddit.com/r/CryptoCurrency/comments/szd2op/terra_luna_price_surges_15_following_1_billion/,2022/2/23 17:11
Should I buy LUNA at current price?,/r/CryptoCurrency/comments/pvnnmx/should_i_buy_luna_at_current_price/,https://www.reddit.com/r/CryptoCurrency/comments/pvnnmx/should_i_buy_luna_at_current_price/,2021/9/26 13:33
Top 101 Coins Grouped by Usage/Purpose,/r/CryptoCurrency/comments/lgeots/top_101_coins_grouped_by_usagepurpose/,https://www.reddit.com/r/CryptoCurrency/comments/lgeots/top_101_coins_grouped_by_usagepurpose/,2021/2/10 6:02
Binance Will List Spell Token (SPELL) and TerraUSD (UST),/r/CryptoCurrency/comments/rndm1v/binance_will_list_spell_token_spell_and_terrausd/,https://www.reddit.com/r/CryptoCurrency/comments/rndm1v/binance_will_list_spell_token_spell_and_terrausd/,2021/12/24 12:08
"Terra (LUNA) Shatters $30,000,000,000 in Total Value Staked (TVL), Surpassing Ethereum | The Daily Hodl",/r/CryptoCurrency/comments/t5n8cc/terra_luna_shatters_30000000000_in_total_value/,https://www.reddit.com/r/CryptoCurrency/comments/t5n8cc/terra_luna_shatters_30000000000_in_total_value/,2022/3/3 16:50
Your thoughts on Terra LUNA?,/r/CryptoCurrency/comments/onnwe4/your_thoughts_on_terra_luna/,https://www.reddit.com/r/CryptoCurrency/comments/onnwe4/your_thoughts_on_terra_luna/,2021/7/20 5:39
"Terra's Bitcoin Cache Hits 42,500 BTC As It Chases Michael Saylor?? MicroStrategy | ZYCrypto",/r/CryptoCurrency/comments/u4yon6/terras_bitcoin_cache_hits_42500_btc_as_it_chases/,https://www.reddit.com/r/CryptoCurrency/comments/u4yon6/terras_bitcoin_cache_hits_42500_btc_as_it_chases/,2022/4/16 22:13
Luna governance in disarray as Do Kwon jokes about Terra ecosystem | CryptoSlate,/r/CryptoCurrency/comments/v5p0wo/luna_governance_in_disarray_as_do_kwon_jokes/,https://www.reddit.com/r/CryptoCurrency/comments/v5p0wo/luna_governance_in_disarray_as_do_kwon_jokes/,2022/6/6 7:07
"Terra flips Shiba Inu, soars 12% to hit new all-time high",/r/CryptoCurrency/comments/r78rwf/terra_flips_shiba_inu_soars_12_to_hit_new_alltime/,https://www.reddit.com/r/CryptoCurrency/comments/r78rwf/terra_flips_shiba_inu_soars_12_to_hit_new_alltime/,2021/12/2 22:34
"New York Times looking for Crypto Investors to share their stories, especially in the recent Luna/Terra crash",/r/CryptoCurrency/comments/utiq38/new_york_times_looking_for_crypto_investors_to/,https://www.reddit.com/r/CryptoCurrency/comments/utiq38/new_york_times_looking_for_crypto_investors_to/,2022/5/20 9:57
More bad news for Terra as fresh allegations emerge about Mirror Protocol,/r/CryptoCurrency/comments/v108yz/more_bad_news_for_terra_as_fresh_allegations/,https://www.reddit.com/r/CryptoCurrency/comments/v108yz/more_bad_news_for_terra_as_fresh_allegations/,2022/5/30 21:29
"Terra's Anchor Protocol erases 'crypto winter' losses, ANC price rebounds 300% in a month",/r/CryptoCurrency/comments/t7asv9/terras_anchor_protocol_erases_crypto_winter/,https://www.reddit.com/r/CryptoCurrency/comments/t7asv9/terras_anchor_protocol_erases_crypto_winter/,2022/3/5 22:39
"Luna, UST, Anchor Can of Worms",/r/CryptoCurrency/comments/ryl3cn/luna_ust_anchor_can_of_worms/,https://www.reddit.com/r/CryptoCurrency/comments/ryl3cn/luna_ust_anchor_can_of_worms/,2022/1/8 7:22
